Data Scientist,Bangalore,http://www.indeed.co.in/viewjob?jk=1fcc3e76efb71d80&qd=hpn1PIYnYFUUyI3l1SSmTmLzJSrmgYmxSc2XHc68el8PCP6B8fPC9ODKPOMXNEK1UhigYKpN2-BttKNH5gUI9gi81E7CkEgzjuL2aYs0pWkkt0LCVy_rQinuMfW47e_m&indpubnum=3864921654995829&atk=1bd9lc9dpbse49n4
Sr Data Scientist,Bangalore,http://www.indeed.co.in/viewjob?jk=81e95f3b992c322c&qd=hpn1PIYnYFUUyI3l1SSmTmLzJSrmgYmxSc2XHc68el8PCP6B8fPC9ODKPOMXNEK1UhigYKpN2-BttKNH5gUI9gi81E7CkEgzjuL2aYs0pWkkt0LCVy_rQinuMfW47e_m&indpubnum=3864921654995829&atk=1bd9lc9dpbse49n4
RPA- Data Scientist / Machine learning,Bangalore,http://www.indeed.co.in/viewjob?jk=00764778f3941899&qd=hpn1PIYnYFUUyI3l1SSmTmLzJSrmgYmxSc2XHc68el8PCP6B8fPC9ODKPOMXNEK1UhigYKpN2-BttKNH5gUI9gi81E7CkEgzjuL2aYs0pWkkt0LCVy_rQinuMfW47e_m&indpubnum=3864921654995829&atk=1bd9lc9dpbse49n4
Data Scientist,Bangalore,http://www.indeed.co.in/viewjob?jk=91e64c854919e3d7&qd=hpn1PIYnYFUUyI3l1SSmTmLzJSrmgYmxSc2XHc68el8PCP6B8fPC9ODKPOMXNEK1UhigYKpN2-BttKNH5gUI9gi81E7CkEgzjuL2aYs0pWkkt0LCVy_rQinuMfW47e_m&indpubnum=3864921654995829&atk=1bd9lc9dpbse49n4
Data Scientist II,Bangalore,http://www.indeed.co.in/viewjob?jk=ae367db047859360&qd=hpn1PIYnYFUUyI3l1SSmTmLzJSrmgYmxSc2XHc68el8PCP6B8fPC9ODKPOMXNEK1UhigYKpN2-BttKNH5gUI9gi81E7CkEgzjuL2aYs0pWkkt0LCVy_rQinuMfW47e_m&indpubnum=3864921654995829&atk=1bd9lc9dpbse49n4
Associate Data Scientist,Bangalore,http://www.indeed.co.in/viewjob?jk=79b4dfac6ce9a879&qd=hpn1PIYnYFUUyI3l1SSmTmLzJSrmgYmxSc2XHc68el8PCP6B8fPC9ODKPOMXNEK1UhigYKpN2-BttKNH5gUI9gi81E7CkEgzjuL2aYs0pWkkt0LCVy_rQinuMfW47e_m&indpubnum=3864921654995829&atk=1bd9lc9dpbse49n4
Senior Data Engineer,Bangalore,http://www.indeed.co.in/viewjob?jk=4832793c3bff4859&qd=hpn1PIYnYFUUyI3l1SSmTmLzJSrmgYmxSc2XHc68el8PCP6B8fPC9ODKPOMXNEK1UhigYKpN2-BttKNH5gUI9gi81E7CkEgzjuL2aYs0pWkkt0LCVy_rQinuMfW47e_m&indpubnum=3864921654995829&atk=1bd9lc9dpbse49n4
Data Scientist (IoT Manufacturing),Bangalore,http://www.indeed.co.in/viewjob?jk=7142dfb20cde264d&qd=hpn1PIYnYFUUyI3l1SSmTmLzJSrmgYmxSc2XHc68el8PCP6B8fPC9ODKPOMXNEK1UhigYKpN2-BttKNH5gUI9gi81E7CkEgzjuL2aYs0pWkkt0LCVy_rQinuMfW47e_m&indpubnum=3864921654995829&atk=1bd9lc9dpbse49n4
Data Scientist (IoT Manufacturing),Bangalore,http://www.indeed.co.in/viewjob?jk=b9fea3ce0a464d91&qd=hpn1PIYnYFUUyI3l1SSmTmLzJSrmgYmxSc2XHc68el8PCP6B8fPC9ODKPOMXNEK1UhigYKpN2-BttKNH5gUI9gi81E7CkEgzjuL2aYs0pWkkt0LCVy_rQinuMfW47e_m&indpubnum=3864921654995829&atk=1bd9lc9dpbse49n4
Data Scientist,Bangalore,http://www.indeed.co.in/viewjob?jk=a669444e7c10df2f&qd=hpn1PIYnYFUUyI3l1SSmTmLzJSrmgYmxSc2XHc68el8PCP6B8fPC9ODKPOMXNEK1UhigYKpN2-BttKNH5gUI9gi81E7CkEgzjuL2aYs0pWkkt0LCVy_rQinuMfW47e_m&indpubnum=3864921654995829&atk=1bd9lc9dpbse49n4
Data Scientist Admin,Bangalore,http://www.indeed.co.in/viewjob?jk=d587d90803d7e441&qd=hpn1PIYnYFUUyI3l1SSmTmLzJSrmgYmxSc2XHc68el8PCP6B8fPC9ODKPOMXNEK1UhigYKpN2-BttKNH5gUI9gi81E7CkEgzjuL2aYs0pWkkt0LCVy_rQinuMfW47e_m&indpubnum=3864921654995829&atk=1bd9lc9dpbse49n4
Data & Applied Scientist II,Bangalore,http://www.indeed.co.in/viewjob?jk=baade6602f6ea9a3&qd=hpn1PIYnYFUUyI3l1SSmTmLzJSrmgYmxSc2XHc68el8PCP6B8fPC9ODKPOMXNEK1UhigYKpN2-BttKNH5gUI9gi81E7CkEgzjuL2aYs0pWkkt0LCVy_rQinuMfW47e_m&indpubnum=3864921654995829&atk=1bd9lc9dpbse49n4
Risk Management Data Scientist,Bangalore,http://www.indeed.co.in/viewjob?jk=ee2820b09e76a0e5&qd=hpn1PIYnYFUUyI3l1SSmTmLzJSrmgYmxSc2XHc68el8PCP6B8fPC9ODKPOMXNEK1UhigYKpN2-BttKNH5gUI9gi81E7CkEgzjuL2aYs0pWkkt0LCVy_rQinuMfW47e_m&indpubnum=3864921654995829&atk=1bd9lc9dpbse49n4
Customer Experience Data Scientist,Bangalore,http://www.indeed.co.in/viewjob?jk=785ca9c990148730&qd=hpn1PIYnYFUUyI3l1SSmTmLzJSrmgYmxSc2XHc68el8PCP6B8fPC9ODKPOMXNEK1UhigYKpN2-BttKNH5gUI9gi81E7CkEgzjuL2aYs0pWkkt0LCVy_rQinuMfW47e_m&indpubnum=3864921654995829&atk=1bd9lc9dpbse49n4
Data Scientist,Bangalore,http://www.indeed.co.in/viewjob?jk=5426018deebb71e4&qd=hpn1PIYnYFUUyI3l1SSmTmLzJSrmgYmxSc2XHc68el8PCP6B8fPC9ODKPOMXNEK1UhigYKpN2-BttKNH5gUI9gi81E7CkEgzjuL2aYs0pWkkt0LCVy_rQinuMfW47e_m&indpubnum=3864921654995829&atk=1bd9lc9dpbse49n4
Data Science Internship,Bangalore,http://www.indeed.co.in/viewjob?jk=6f1e9913cb6af462&qd=hpn1PIYnYFUUyI3l1SSmTmLzJSrmgYmxSc2XHc68el8PCP6B8fPC9ODKPOMXNEK1UhigYKpN2-BttKNH5gUI9gi81E7CkEgzjuL2aYs0pWkkt0LCVy_rQinuMfW47e_m&indpubnum=3864921654995829&atk=1bd9lc9dpbse49n4
Data Scientist Sr. II,Bangalore,http://www.indeed.co.in/viewjob?jk=e817415ce3a62081&qd=hpn1PIYnYFUUyI3l1SSmTmLzJSrmgYmxSc2XHc68el8PCP6B8fPC9ODKPOMXNEK1UhigYKpN2-BttKNH5gUI9gi81E7CkEgzjuL2aYs0pWkkt0LCVy_rQinuMfW47e_m&indpubnum=3864921654995829&atk=1bd9lc9dpbse49n4
DATA SCIENTIST â€“ ANALYTICS,Bangalore,http://www.indeed.co.in/viewjob?jk=138280b0c39b0008&qd=hpn1PIYnYFUUyI3l1SSmTmLzJSrmgYmxSc2XHc68el8PCP6B8fPC9ODKPOMXNEK1UhigYKpN2-BttKNH5gUI9gi81E7CkEgzjuL2aYs0pWkkt0LCVy_rQinuMfW47e_m&indpubnum=3864921654995829&atk=1bd9lc9dpbse49n4
DATA SCIENTIST (INTERNS),Bangalore,http://www.indeed.co.in/viewjob?jk=1d77b220ebed5eac&qd=hpn1PIYnYFUUyI3l1SSmTmLzJSrmgYmxSc2XHc68el8PCP6B8fPC9ODKPOMXNEK1UhigYKpN2-BttKNH5gUI9gi81E7CkEgzjuL2aYs0pWkkt0LCVy_rQinuMfW47e_m&indpubnum=3864921654995829&atk=1bd9lc9dpbse49n4
DATA SCIENTIST,Bangalore,http://www.indeed.co.in/viewjob?jk=e4900b1a49e5146d&qd=hpn1PIYnYFUUyI3l1SSmTmLzJSrmgYmxSc2XHc68el8PCP6B8fPC9ODKPOMXNEK1UhigYKpN2-BttKNH5gUI9gi81E7CkEgzjuL2aYs0pWkkt0LCVy_rQinuMfW47e_m&indpubnum=3864921654995829&atk=1bd9lc9dpbse49n4
